mean_terminal,median_terminal,var_95,var_99,prob_loss
1.0161542887966988,1.0140929241239762,0.9148345160525299,0.8779014831164268,0.4149
